title,fulltext_url,trove_url,trove_id,nla_digitised,issues,issues_with_text,directory
The Silver stream songster,https://nla.gov.au/nla.obj-614066685,https://trove.nla.gov.au/work/10087062,nla.obj-614066685,False,1,1,the-silver-stream-songster-nla.obj-614066685
The Order of service for the annual festival to be held in St. Andrew's Cathedral on the Feast of ... ... Sydney Diocesan Church Choir Association,http://nla.gov.au/nla.obj-657473276,https://trove.nla.gov.au/work/10388163,nla.obj-657473276,True,10,10,the-order-of-service-for-the-annual-festival-to-be-nla.obj-657473276
The Sydney protestant magazine,https://nla.gov.au/nla.obj-1393799271,https://trove.nla.gov.au/work/10753345,nla.obj-1393799271,True,1,1,the-sydney-protestant-magazine-nla.obj-1393799271
The New South Wales school magazine of literature for our boys and girls,http://nla.gov.au/nla.obj-748141557,https://trove.nla.gov.au/work/10753694,nla.obj-748141557,True,180,180,the-new-south-wales-school-magazine-of-literature--nla.obj-748141557
Jewish missionary intelligence,http://nla.gov.au/nla.obj-265488023,https://trove.nla.gov.au/work/10831898,nla.obj-265488023,True,24,24,jewish-missionary-intelligence-nla.obj-265488023
Stanley Gibbons priced catalogue of war stamps,http://nla.gov.au/nla.obj-18233880,https://trove.nla.gov.au/work/10892341,nla.obj-18233880,True,5,5,stanley-gibbons-priced-catalogue-of-war-stamps-nla.obj-18233880
Colonial literary journal and weekly miscellany of useful information,https://nla.gov.au/nla.obj-1388274688,https://trove.nla.gov.au/work/10934438,nla.obj-1388274688,True,41,41,colonial-literary-journal-and-weekly-miscellany-of-nla.obj-1388274688
The South Australian temperance advocate,https://nla.gov.au/nla.obj-1403589304,https://trove.nla.gov.au/work/10934510,nla.obj-1403589304,True,1,1,the-south-australian-temperance-advocate-nla.obj-1403589304
The Port Phillip magazine,https://nla.gov.au/nla.obj-1394058185,https://trove.nla.gov.au/work/10934610,nla.obj-1394058185,True,4,4,the-port-phillip-magazine-nla.obj-1394058185
Spring exhibition : catalogue / Art Society of New South Wales,http://nla.gov.au/nla.obj-693985683,https://trove.nla.gov.au/work/10944344,nla.obj-693985683,True,1,1,spring-exhibition-catalogue-art-society-of-new-sou-nla.obj-693985683
"The N.S.W. Red Cross record / The Australian Red Cross Society, N.S.W. Division",http://nla.gov.au/nla.obj-73519713,https://trove.nla.gov.au/work/10955755,nla.obj-73519713,True,59,59,the-n-s-w-red-cross-record-the-australian-red-cros-nla.obj-73519713
The New South Wales Aborigines' advocate : a monthly record of missionary work amongst the Aborigines / issued under the auspices of the N.S.W. Aborigines' Mission,http://nla.gov.au/nla.obj-554406117,https://trove.nla.gov.au/work/11182910,nla.obj-554406117,True,80,80,the-new-south-wales-aborigines-advocate-a-monthly--nla.obj-554406117
"Walkabout (Melbourne, Vic.)",http://nla.gov.au/nla.obj-566923190,https://trove.nla.gov.au/work/11231162,nla.obj-566923190,True,494,494,walkabout-melbourne-vic-nla.obj-566923190
Pacific islands monthly : PIM,http://nla.gov.au/nla.obj-310385031,https://trove.nla.gov.au/work/11299027,nla.obj-310385031,True,840,840,pacific-islands-monthly-pim-nla.obj-310385031
Second Brigade monthly notes,http://nla.gov.au/nla.obj-20211747,https://trove.nla.gov.au/work/11380575,nla.obj-20211747,True,11,11,second-brigade-monthly-notes-nla.obj-20211747
Transactions and proceedings of the Fiji Society,http://nla.gov.au/nla.obj-182026026,https://trove.nla.gov.au/work/11381759,nla.obj-182026026,True,2,2,transactions-and-proceedings-of-the-fiji-society-nla.obj-182026026
The Sydney coronal / by Charles M'Donald,http://nla.gov.au/nla.obj-753479079,https://trove.nla.gov.au/work/11415630,nla.obj-753479079,True,6,6,the-sydney-coronal-by-charles-m-donald-nla.obj-753479079
The bulletin,https://nla.gov.au/nla.obj-68375465,https://trove.nla.gov.au/work/11500235,nla.obj-68375465,True,5418,5418,the-bulletin-nla.obj-68375465
Russkii v Avstralii = The Russian in Australia,https://nla.gov.au/nla.obj-2337713625,https://trove.nla.gov.au/work/11510518,nla.obj-2337713625,False,1,1,russkii-v-avstralii-the-russian-in-australia-nla.obj-2337713625
"Report of the Cottage Home for Destitute Children, Newtown",http://nla.gov.au/nla.obj-401605881,https://trove.nla.gov.au/work/11525280,nla.obj-401605881,True,2,2,report-of-the-cottage-home-for-destitute-children--nla.obj-401605881
Abstract of the ... report of the London Missionary Society for the year ending ..,http://nla.gov.au/nla.obj-288413164,https://trove.nla.gov.au/work/11574101,nla.obj-288413164,True,1,1,abstract-of-the-report-of-the-london-missionary-so-nla.obj-288413164
The Victorian historical magazine,http://nla.gov.au/nla.obj-369015661,https://trove.nla.gov.au/work/11645432,nla.obj-369015661,False,1,1,the-victorian-historical-magazine-nla.obj-369015661
Realtime,http://nla.gov.au/nla.obj-733140625,https://trove.nla.gov.au/work/11804773,nla.obj-733140625,True,130,130,realtime-nla.obj-733140625
The Rising sun,http://nla.gov.au/nla.obj-262991064,https://trove.nla.gov.au/work/11805423,nla.obj-262991064,True,1,1,the-rising-sun-nla.obj-262991064
Australasian circular,http://nla.gov.au/nla.obj-68925498,https://trove.nla.gov.au/work/11850994,nla.obj-68925498,True,1,1,australasian-circular-nla.obj-68925498
Report of the directors / London Chartered Bank of Australia,http://nla.gov.au/nla.obj-61977546,https://trove.nla.gov.au/work/11855164,nla.obj-61977546,True,1,1,report-of-the-directors-london-chartered-bank-of-a-nla.obj-61977546
Our Empire : the Imperial review of the United Kingdom and the British Dominions beyond the seas,http://nla.gov.au/nla.obj-71533419,https://trove.nla.gov.au/work/11862132,nla.obj-71533419,True,3,3,our-empire-the-imperial-review-of-the-united-kingd-nla.obj-71533419
The Chronicle of the London Missionary Society : a record of its proceedings at home and abroad,http://nla.gov.au/nla.obj-80303456,https://trove.nla.gov.au/work/11863782,nla.obj-80303456,True,2,2,the-chronicle-of-the-london-missionary-society-a-r-nla.obj-80303456
New Zealand report / Friends of the Church of New Zealand,http://nla.gov.au/nla.obj-137752768,https://trove.nla.gov.au/work/11873935,nla.obj-137752768,True,2,2,new-zealand-report-friends-of-the-church-of-new-ze-nla.obj-137752768
Report of the Directors of the English and Australian Copper Company presented at the ... general meeting of the proprietors,http://nla.gov.au/nla.obj-163710085,https://trove.nla.gov.au/work/11874360,nla.obj-163710085,True,1,1,report-of-the-directors-of-the-english-and-austral-nla.obj-163710085
Programme / Australasian Association for the Advancement of Science,http://nla.gov.au/nla.obj-250302024,https://trove.nla.gov.au/work/11944246,nla.obj-250302024,False,1,1,programme-australasian-association-for-the-advance-nla.obj-250302024
The Bulletin with newsweek,https://nla.gov.au/nla.obj-1567115091,https://trove.nla.gov.au/work/12003834,nla.obj-1567115091,True,25,25,the-bulletin-with-newsweek-nla.obj-1567115091
Reflux : official bulletin of the Western Australian Medical Students' Society,https://nla.gov.au/nla.obj-324628221,https://trove.nla.gov.au/work/12354660,nla.obj-324628221,False,11,11,reflux-official-bulletin-of-the-western-australian-nla.obj-324628221
"Home (Sydney, N.S.W. : 1920)",http://nla.gov.au/nla.obj-362409353,https://trove.nla.gov.au/work/12397115,nla.obj-362409353,True,229,229,home-sydney-n-s-w-1920-nla.obj-362409353
Slater's sixpenny diary and almanac,https://nla.gov.au/nla.obj-614143949,https://trove.nla.gov.au/work/12579128,nla.obj-614143949,False,1,1,slater-s-sixpenny-diary-and-almanac-nla.obj-614143949
Zhong xi jiao hui bao / edited by Y.J. Allen,http://nla.gov.au/nla.obj-60535517,https://trove.nla.gov.au/work/12627684,nla.obj-60535517,True,24,24,zhong-xi-jiao-hui-bao-edited-by-y-j-allen-nla.obj-60535517
Wan guo gong bao,http://nla.gov.au/nla.obj-60594067,https://trove.nla.gov.au/work/12627704,nla.obj-60594067,True,21,21,wan-guo-gong-bao-nla.obj-60594067
Anzac bulletin : issued to members of the Australian Imperial Forces in Great Britain and France by authority of the High Commissioner for Australia,http://nla.gov.au/nla.obj-1037567,https://trove.nla.gov.au/work/12653430,nla.obj-1037567,True,205,205,anzac-bulletin-issued-to-members-of-the-australian-nla.obj-1037567
Stead's review / edited by Henry Stead,http://nla.gov.au/nla.obj-83618527,https://trove.nla.gov.au/work/12693540,nla.obj-83618527,True,13,13,stead-s-review-edited-by-henry-stead-nla.obj-83618527
Stead's review of reviews / edited by Henry Stead,http://nla.gov.au/nla.obj-302601229,https://trove.nla.gov.au/work/12693557,nla.obj-302601229,True,13,13,stead-s-review-of-reviews-edited-by-henry-stead-nla.obj-302601229
Journal of the Royal Victorian Institute of Architects,http://nla.gov.au/nla.obj-395634663,https://trove.nla.gov.au/work/12758064,nla.obj-395634663,True,68,68,journal-of-the-royal-victorian-institute-of-archit-nla.obj-395634663
Journal of proceedings of the Royal Victorian Institute of Architects,http://nla.gov.au/nla.obj-395626374,https://trove.nla.gov.au/work/12759101,nla.obj-395626374,True,18,18,journal-of-proceedings-of-the-royal-victorian-inst-nla.obj-395626374
Journal of proceedings (Royal Victorian Institute of Architects),http://nla.gov.au/nla.obj-395618641,https://trove.nla.gov.au/work/12759253,nla.obj-395618641,True,120,120,journal-of-proceedings-royal-victorian-institute-o-nla.obj-395618641
"Old times (Sydney, N.S.W.)",http://nla.gov.au/nla.obj-321126052,https://trove.nla.gov.au/work/12850308,nla.obj-321126052,True,3,3,old-times-sydney-n-s-w-nla.obj-321126052
"The ""Tingira""",http://nla.gov.au/nla.obj-8260878,https://trove.nla.gov.au/work/12855876,nla.obj-8260878,True,2,2,the-tingira-nla.obj-8260878
"The Outback battler : a quarterly magazine issued in bush interests / the organ of the Bush Publishing Scheme in South Australia; the Smith of Dunesk Presbyterian Mission, Far North, S.A.; the Smith of Dunesk Deaconess-Nursing Scheme, and Receiving Ward at Oodnadatta",https://nla.gov.au/nla.obj-2635870644,https://trove.nla.gov.au/work/12856105,nla.obj-2635870644,False,8,8,the-outback-battler-a-quarterly-magazine-issued-in-nla.obj-2635870644
National record (Canberra Australian National Football League),http://nla.gov.au/nla.obj-319258338,https://trove.nla.gov.au/work/13075241,nla.obj-319258338,True,21,21,national-record-canberra-australian-national-footb-nla.obj-319258338
Report of the Council,https://nla.gov.au/nla.obj-1135797708,https://trove.nla.gov.au/work/13114479,nla.obj-1135797708,False,2,2,report-of-the-council-nla.obj-1135797708
War notes & queries,http://nla.gov.au/nla.obj-6874401,https://trove.nla.gov.au/work/13153079,nla.obj-6874401,True,19,19,war-notes-queries-nla.obj-6874401
The bush brother : a quarterly paper,http://nla.gov.au/nla.obj-518307792,https://trove.nla.gov.au/work/13163013,nla.obj-518307792,True,188,188,the-bush-brother-a-quarterly-paper-nla.obj-518307792
The Australasian pastoralists' review : a monthly journal and record of all matters affecting the pastoral and landed interests throughout Australasia,http://nla.gov.au/nla.obj-32547138,https://trove.nla.gov.au/work/13164386,nla.obj-32547138,True,80,80,the-australasian-pastoralists-review-a-monthly-jou-nla.obj-32547138
"Building (Sydney, N.S.W. : 1907)",http://nla.gov.au/nla.obj-79483170,https://trove.nla.gov.au/work/13164999,nla.obj-79483170,True,429,429,building-sydney-n-s-w-1907-nla.obj-79483170
The Pastoralists' review : a journal and record of all matters affecting the pastoral and agricultural interests throughout Australasia,http://nla.gov.au/nla.obj-481504128,https://trove.nla.gov.au/work/13165289,nla.obj-481504128,True,71,71,the-pastoralists-review-a-journal-and-record-of-al-nla.obj-481504128
"Building, lighting and engineering",http://nla.gov.au/nla.obj-319042425,https://trove.nla.gov.au/work/13396647,nla.obj-319042425,True,34,34,building-lighting-and-engineering-nla.obj-319042425
"Vision : a literary quarterly / edited by Frank C. Johnson, Jack Lindsay and Kenneth Slessor",http://nla.gov.au/nla.obj-597298189,https://trove.nla.gov.au/work/13402460,nla.obj-597298189,True,4,4,vision-a-literary-quarterly-edited-by-frank-c-john-nla.obj-597298189
Action front : journal of the 2/2 Field Regiment,http://nla.gov.au/nla.obj-321169907,https://trove.nla.gov.au/work/13423326,nla.obj-321169907,True,2,2,action-front-journal-of-the-2-2-field-regiment-nla.obj-321169907
"K.C.C. kennel gazette : the official organ of the publishers, the Kennel Control Council",http://nla.gov.au/nla.obj-760030452,https://trove.nla.gov.au/work/13481079,nla.obj-760030452,True,360,360,k-c-c-kennel-gazette-the-official-organ-of-the-pub-nla.obj-760030452
Starboard light,http://nla.gov.au/nla.obj-183600068,https://trove.nla.gov.au/work/13521299,nla.obj-183600068,True,1,1,starboard-light-nla.obj-183600068
The Sydney once a week magazine,http://nla.gov.au/nla.obj-760335335,https://trove.nla.gov.au/work/13572556,nla.obj-760335335,True,24,24,the-sydney-once-a-week-magazine-nla.obj-760335335
"Victorian almanac for ... (Melbourne, Vic. : 1868)",http://nla.gov.au/nla.obj-729278011,https://trove.nla.gov.au/work/13645498,nla.obj-729278011,True,14,14,victorian-almanac-for-melbourne-vic-1868-nla.obj-729278011
Adjustment assistance to sugar cane growers : annual report / Department of Primary Industries and Energy,https://nla.gov.au/nla.obj-1605221024,https://trove.nla.gov.au/work/13675248,nla.obj-1605221024,True,3,3,adjustment-assistance-to-sugar-cane-growers-annual-nla.obj-1605221024
Decoration and glass,http://nla.gov.au/nla.obj-347231133,https://trove.nla.gov.au/work/13676438,nla.obj-347231133,True,130,130,decoration-and-glass-nla.obj-347231133
Report of the Agricultural and Horticultural Society of New South Wales,https://nla.gov.au/nla.obj-1305627184,https://trove.nla.gov.au/work/13750674,nla.obj-1305627184,True,3,3,report-of-the-agricultural-and-horticultural-socie-nla.obj-1305627184
Report of the Repatriation Commission... / Parliament of the Commonwealth of Australia. Australian Soldiers' Repatriation Act,http://nla.gov.au/nla.obj-501176551,https://trove.nla.gov.au/work/13755048,nla.obj-501176551,True,41,41,report-of-the-repatriation-commission-parliament-o-nla.obj-501176551
"Anniversary address by the president : list of members, and rules and regulations of the Agricultural Society of New South Wales, instituted on the 5th of July, 1822",http://nla.gov.au/nla.obj-512588480,https://trove.nla.gov.au/work/13757239,nla.obj-512588480,False,4,4,anniversary-address-by-the-president-list-of-membe-nla.obj-512588480
Spray : the aquatic monthly,http://nla.gov.au/nla.obj-4093756,https://trove.nla.gov.au/work/152219185,nla.obj-4093756,True,1,1,spray-the-aquatic-monthly-nla.obj-4093756
Australian Aborigines advocate : a monthly record of work amongst the dark people of Australia / the organ of the Australian Aborigines Mission,http://nla.gov.au/nla.obj-573721295,https://trove.nla.gov.au/work/15572093,nla.obj-573721295,True,246,246,australian-aborigines-advocate-a-monthly-record-of-nla.obj-573721295
Annual general meeting / African War Veterans' Association of Queensland,http://nla.gov.au/nla.obj-286054824,https://trove.nla.gov.au/work/15762204,nla.obj-286054824,True,15,14,annual-general-meeting-african-war-veterans-associ-nla.obj-286054824
"Anthony Horderns' catalogue : Royal Agricultural Society's Show, Easter ... ..",https://nla.gov.au/nla.obj-2363250352,https://trove.nla.gov.au/work/16038863,nla.obj-2363250352,False,2,2,anthony-horderns-catalogue-royal-agricultural-soci-nla.obj-2363250352
"Buzzer (Sydney, N.S.W.)",http://nla.gov.au/nla.obj-359561557,https://trove.nla.gov.au/work/16269216,nla.obj-359561557,True,4,4,buzzer-sydney-n-s-w-nla.obj-359561557
Staff clarion / Associated Deposits Assurance Society Ltd,https://nla.gov.au/nla.obj-2640510514,https://trove.nla.gov.au/work/16356498,nla.obj-2640510514,False,79,35,staff-clarion-associated-deposits-assurance-societ-nla.obj-2640510514
"The Fijian weekly news, and planters' journal",https://nla.gov.au/nla.obj-2681770957,https://trove.nla.gov.au/work/16687344,nla.obj-2681770957,False,12,12,the-fijian-weekly-news-and-planters-journal-nla.obj-2681770957
The wireless weekly : the hundred per cent Australian radio journal / -1943,http://nla.gov.au/nla.obj-589648812,https://trove.nla.gov.au/work/16863847,nla.obj-589648812,True,1069,1069,the-wireless-weekly-the-hundred-per-cent-australia-nla.obj-589648812
[Magazine] / Daramalan College,http://nla.gov.au/nla.obj-773155481,https://trove.nla.gov.au/work/16878998,nla.obj-773155481,True,58,58,magazine-daramalan-college-nla.obj-773155481
Silver Starr super comic / Stanley Pitt,https://nla.gov.au/nla.obj-2621242009,https://trove.nla.gov.au/work/168798694,nla.obj-2621242009,False,1,1,silver-starr-super-comic-stanley-pitt-nla.obj-2621242009
"Beacon (Coffs Harbour, N.S.W.)",https://nla.gov.au/nla.obj-861973622,https://trove.nla.gov.au/work/16928569,nla.obj-861973622,False,59,59,beacon-coffs-harbour-n-s-w-nla.obj-861973622
Report of proceedings / Intercolonial Trades' Union Congress,http://nla.gov.au/nla.obj-407519848,https://trove.nla.gov.au/work/16953181,nla.obj-407519848,True,1,1,report-of-proceedings-intercolonial-trades-union-c-nla.obj-407519848
"Birth (Melbourne, Vic.)",https://nla.gov.au/nla.obj-1871577338,https://trove.nla.gov.au/work/17004725,nla.obj-1871577338,True,72,72,birth-melbourne-vic-nla.obj-1871577338
The Heart of the rose : a quarterly magazine,https://nla.gov.au/nla.obj-1874656588,https://trove.nla.gov.au/work/17004765,nla.obj-1874656588,True,4,4,the-heart-of-the-rose-a-quarterly-magazine-nla.obj-1874656588
Ern Malley's journal,http://nla.gov.au/nla.obj-319026400,https://trove.nla.gov.au/work/17064780,nla.obj-319026400,True,2,2,ern-malley-s-journal-nla.obj-319026400
"Bookfellow (Sydney, N.S.W. : 1907)",http://nla.gov.au/nla.obj-768260759,https://trove.nla.gov.au/work/17104173,nla.obj-768260759,True,18,18,bookfellow-sydney-n-s-w-1907-nla.obj-768260759
Stephen's Victorian almanac for ..,https://nla.gov.au/nla.obj-666418829,https://trove.nla.gov.au/work/17117782,nla.obj-666418829,False,1,1,stephen-s-victorian-almanac-for-nla.obj-666418829
Robinson's almanac and astronomical ephemeris for the year of our Lord ..,http://nla.gov.au/nla.obj-478039359,https://trove.nla.gov.au/work/17117843,nla.obj-478039359,False,1,1,robinson-s-almanac-and-astronomical-ephemeris-for--nla.obj-478039359
The Militant,http://nla.gov.au/nla.obj-320230446,https://trove.nla.gov.au/work/17330099,nla.obj-320230446,True,11,11,the-militant-nla.obj-320230446
SGSEG newsletter / Geological Society of Australia,http://nla.gov.au/nla.obj-181775627,https://trove.nla.gov.au/work/17413869,nla.obj-181775627,True,1,1,sgseg-newsletter-geological-society-of-australia-nla.obj-181775627
The Juvenile missionary magazine,https://nla.gov.au/nla.obj-1393641138,https://trove.nla.gov.au/work/17576889,nla.obj-1393641138,True,34,34,the-juvenile-missionary-magazine-nla.obj-1393641138
Camp ink,http://nla.gov.au/nla.obj-757144341,https://trove.nla.gov.au/work/17839421,nla.obj-757144341,True,39,39,camp-ink-nla.obj-757144341
Tjakulpa kuwarritja,https://nla.gov.au/nla.obj-939569062,https://trove.nla.gov.au/work/17855329,nla.obj-939569062,True,24,24,tjakulpa-kuwarritja-nla.obj-939569062
Pix,http://nla.gov.au/nla.obj-389050162,https://trove.nla.gov.au/work/17992391,nla.obj-389050162,True,826,826,pix-nla.obj-389050162
"Progress (Melbourne, Vic.)",http://nla.gov.au/nla.obj-73519776,https://trove.nla.gov.au/work/18030135,nla.obj-73519776,False,1,1,progress-melbourne-vic-nla.obj-73519776
Lesbians on the loose,http://nla.gov.au/nla.obj-851395032,https://trove.nla.gov.au/work/18030396,nla.obj-851395032,True,110,110,lesbians-on-the-loose-nla.obj-851395032
Recommendations for... / Australian Universities Commission,http://nla.gov.au/nla.obj-829569882,https://trove.nla.gov.au/work/18050692,nla.obj-829569882,True,1,1,recommendations-for-australian-universities-commis-nla.obj-829569882
Calendar (1902),http://nla.gov.au/nla.obj-621173788,https://trove.nla.gov.au/work/18084521,nla.obj-621173788,True,3,3,calendar-1902-nla.obj-621173788
The Jackass : the First Australian General Hospital monthly,http://nla.gov.au/nla.obj-13289330,https://trove.nla.gov.au/work/18093204,nla.obj-13289330,True,2,2,the-jackass-the-first-australian-general-hospital--nla.obj-13289330
Art in Australia,http://nla.gov.au/nla.obj-325167134,https://trove.nla.gov.au/work/18109818,nla.obj-325167134,False,102,102,art-in-australia-nla.obj-325167134
"Reveille (Sydney, N.S.W. : Online)",https://nla.gov.au/nla.obj-50305948,https://trove.nla.gov.au/work/18120031,nla.obj-50305948,True,4,4,reveille-sydney-n-s-w-online-nla.obj-50305948
Report / Federal Airports Corporation,https://nla.gov.au/nla.obj-1913607276,https://trove.nla.gov.au/work/18239825,nla.obj-1913607276,True,1,1,report-federal-airports-corporation-nla.obj-1913607276
The Australasian news,http://nla.gov.au/nla.obj-381313795,https://trove.nla.gov.au/work/18240294,nla.obj-381313795,False,2,2,the-australasian-news-nla.obj-381313795
"Rising sun (In the field, France)",http://nla.gov.au/nla.obj-13809688,https://trove.nla.gov.au/work/18368452,nla.obj-13809688,True,19,19,rising-sun-in-the-field-france-nla.obj-13809688
Anglo-Australian Telescope Project : report of the Joint Policy Committee / Anglo-Australian Telescope Board,https://nla.gov.au/nla.obj-1594715443,https://trove.nla.gov.au/work/18371221,nla.obj-1594715443,False,5,5,anglo-australian-telescope-project-report-of-the-j-nla.obj-1594715443
Yacca / Alanvale Community College,http://nla.gov.au/nla.obj-268798653,https://trove.nla.gov.au/work/18374598,nla.obj-268798653,True,1,1,yacca-alanvale-community-college-nla.obj-268798653
"The Australian magazine, or, Compendium of religious, literary, and miscellaneous intelligence",http://nla.gov.au/nla.obj-636270394,https://trove.nla.gov.au/work/18428554,nla.obj-636270394,True,10,10,the-australian-magazine-or-compendium-of-religious-nla.obj-636270394
"Australian magazine (Sydney, N.S.W. : 1838)",http://nla.gov.au/nla.obj-752101760,https://trove.nla.gov.au/work/18429775,nla.obj-752101760,True,3,3,australian-magazine-sydney-n-s-w-1838-nla.obj-752101760
The Emu : official organ of the Royal Australasian Ornithologists' Union,http://nla.gov.au/nla.obj-369769626,https://trove.nla.gov.au/work/18436260,nla.obj-369769626,False,1,1,the-emu-official-organ-of-the-royal-australasian-o-nla.obj-369769626
"Art and architecture (Sydney, N.S.W.)",http://nla.gov.au/nla.obj-815027576,https://trove.nla.gov.au/work/18504923,nla.obj-815027576,True,51,51,art-and-architecture-sydney-n-s-w-nla.obj-815027576
Journal of the Institute of Architects of New South Wales,http://nla.gov.au/nla.obj-815018361,https://trove.nla.gov.au/work/18505174,nla.obj-815018361,True,4,4,journal-of-the-institute-of-architects-of-new-sout-nla.obj-815018361
The book lover : a literary review,http://nla.gov.au/nla.obj-651822092,https://trove.nla.gov.au/work/18536801,nla.obj-651822092,True,32,32,the-book-lover-a-literary-review-nla.obj-651822092
"Trident (Melbourne, Vic.)",https://nla.gov.au/nla.obj-1871977676,https://trove.nla.gov.au/work/18577415,nla.obj-1871977676,True,24,24,trident-melbourne-vic-nla.obj-1871977676
Report / Maloga Aboriginal Mission School,http://nla.gov.au/nla.obj-425458625,https://trove.nla.gov.au/work/18600161,nla.obj-425458625,False,4,4,report-maloga-aboriginal-mission-school-nla.obj-425458625
Report / Maloga Aboriginal Mission Station,http://nla.gov.au/nla.obj-424100246,https://trove.nla.gov.au/work/18600184,nla.obj-424100246,False,2,2,report-maloga-aboriginal-mission-station-nla.obj-424100246
Report and financial statements / Aboriginal Loans Commission,http://nla.gov.au/nla.obj-744559428,https://trove.nla.gov.au/work/18600581,nla.obj-744559428,True,3,3,report-and-financial-statements-aboriginal-loans-c-nla.obj-744559428
Report to the Parliament of the Commonwealth of Australia / Advance Australia Foundation,https://nla.gov.au/nla.obj-744559197,https://trove.nla.gov.au/work/18629312,nla.obj-744559197,False,3,3,report-to-the-parliament-of-the-commonwealth-of-au-nla.obj-744559197
The Athenian mercury : resolving weekly all the most nice and curious questions propos'd by the ingenious,http://nla.gov.au/nla.obj-488856769,https://trove.nla.gov.au/work/18663632,nla.obj-488856769,True,1,1,the-athenian-mercury-resolving-weekly-all-the-most-nla.obj-488856769
Diggers' digest (Greenslopes Repatriation Hospital),https://nla.gov.au/nla.obj-1063086427,https://trove.nla.gov.au/work/18667947,nla.obj-1063086427,True,54,54,diggers-digest-greenslopes-repatriation-hospital-nla.obj-1063086427
"The Literary news : a review and magazine of fact and fiction; the arts, sciences and belles lettres",http://nla.gov.au/nla.obj-765536757,https://trove.nla.gov.au/work/18674223,nla.obj-765536757,True,26,26,the-literary-news-a-review-and-magazine-of-fact-an-nla.obj-765536757
The Woman's leader and the common cause,http://nla.gov.au/nla.obj-324572522,https://trove.nla.gov.au/work/18683188,nla.obj-324572522,True,2,2,the-woman-s-leader-and-the-common-cause-nla.obj-324572522
"Australian magazine (Sydney, N.S.W. : 1899)",http://nla.gov.au/nla.obj-636091247,https://trove.nla.gov.au/work/18685300,nla.obj-636091247,True,6,6,australian-magazine-sydney-n-s-w-1899-nla.obj-636091247
The Native companion : an Australian monthly magazine of literature and life,https://nla.gov.au/nla.obj-2164214954,https://trove.nla.gov.au/work/18691097,nla.obj-2164214954,False,4,4,the-native-companion-an-australian-monthly-magazin-nla.obj-2164214954
New South Wales magazine (1833),http://nla.gov.au/nla.obj-753076802,https://trove.nla.gov.au/work/18691103,nla.obj-753076802,True,8,8,new-south-wales-magazine-1833-nla.obj-753076802
Comment and cartoons,http://nla.gov.au/nla.obj-69874934,https://trove.nla.gov.au/work/18701453,nla.obj-69874934,True,9,9,comment-and-cartoons-nla.obj-69874934
Journal and proceedings (Australian Historical Society),http://nla.gov.au/nla.obj-283107843,https://trove.nla.gov.au/work/18725239,nla.obj-283107843,True,46,46,journal-and-proceedings-australian-historical-soci-nla.obj-283107843
Dun's gazette for New South Wales,http://nla.gov.au/nla.obj-724008889,https://trove.nla.gov.au/work/18731562,nla.obj-724008889,True,2408,2408,dun-s-gazette-for-new-south-wales-nla.obj-724008889
Journal and transactions / the Society of Engineers (incorporated),http://nla.gov.au/nla.obj-523874935,https://trove.nla.gov.au/work/18733126,nla.obj-523874935,True,1,1,journal-and-transactions-the-society-of-engineers--nla.obj-523874935
Report of the Australian Meat and Live-stock Industry Selection Committee,https://nla.gov.au/nla.obj-1169050263,https://trove.nla.gov.au/work/18750933,nla.obj-1169050263,True,4,4,report-of-the-australian-meat-and-live-stock-indus-nla.obj-1169050263
Miners' advocate and Northumberland recorder,http://nla.gov.au/nla.obj-692524051,https://trove.nla.gov.au/work/18761678,nla.obj-692524051,True,1,1,miners-advocate-and-northumberland-recorder-nla.obj-692524051
"Reports and financial statements for the year ending ... / the Scots' Church, Melbourne",https://nla.gov.au/nla.obj-2636060114,https://trove.nla.gov.au/work/18787644,nla.obj-2636060114,True,12,12,reports-and-financial-statements-for-the-year-endi-nla.obj-2636060114
"Heads of the people (Sydney, N.S.W.)",http://nla.gov.au/nla.obj-722006765,https://trove.nla.gov.au/work/18790769,nla.obj-722006765,True,50,50,heads-of-the-people-sydney-n-s-w-nla.obj-722006765
Journal of the China Branch of the Royal Asiatic Society for the year ..,http://nla.gov.au/nla.obj-689870804,https://trove.nla.gov.au/work/18800208,nla.obj-689870804,True,1,1,journal-of-the-china-branch-of-the-royal-asiatic-s-nla.obj-689870804
Minutes of several conversations between the ministers of the Australasian Wesleyan Methodist Church at their ... annual conference,http://nla.gov.au/nla.obj-381363069,https://trove.nla.gov.au/work/18829983,nla.obj-381363069,False,2,2,minutes-of-several-conversations-between-the-minis-nla.obj-381363069
"The Australian quarterly journal of theology, literature & science",http://nla.gov.au/nla.obj-598048432,https://trove.nla.gov.au/work/18838131,nla.obj-598048432,True,4,4,the-australian-quarterly-journal-of-theology-liter-nla.obj-598048432
The New South Wales sporting magazine,http://nla.gov.au/nla.obj-761667094,https://trove.nla.gov.au/work/18840486,nla.obj-761667094,True,3,3,the-new-south-wales-sporting-magazine-nla.obj-761667094
"The New South Wales sporting and literary magazine, and racing calendar",http://nla.gov.au/nla.obj-761671852,https://trove.nla.gov.au/work/18840551,nla.obj-761671852,True,1,1,the-new-south-wales-sporting-and-literary-magazine-nla.obj-761671852
The Australian home builder,http://nla.gov.au/nla.obj-443757183,https://trove.nla.gov.au/work/18842577,nla.obj-443757183,True,2,2,the-australian-home-builder-nla.obj-443757183
Australasian photo-review,http://nla.gov.au/nla.obj-392290161,https://trove.nla.gov.au/work/18866072,nla.obj-392290161,True,669,662,australasian-photo-review-nla.obj-392290161
Noodzakelijke blik op de geschiedenis van Java / Maatschappij tot Nut van den Javaan,http://nla.gov.au/nla.obj-287634815,https://trove.nla.gov.au/work/18867209,nla.obj-287634815,True,8,7,noodzakelijke-blik-op-de-geschiedenis-van-java-maa-nla.obj-287634815
"Advance Australia (Melbourne, Vic.)",http://nla.gov.au/nla.obj-804196452,https://trove.nla.gov.au/work/18869914,nla.obj-804196452,True,273,273,advance-australia-melbourne-vic-nla.obj-804196452
Newsletter (Geological Society of Australia. Specialist Group on Solid-Earth Geophysics),http://nla.gov.au/nla.obj-45865,https://trove.nla.gov.au/work/18878924,nla.obj-45865,True,10,10,newsletter-geological-society-of-australia-special-nla.obj-45865
Report. The Australian National University,https://nla.gov.au/nla.obj-1135806343,https://trove.nla.gov.au/work/18884144,nla.obj-1135806343,True,1,1,report-the-australian-national-university-nla.obj-1135806343
Health and physical culture : Britons' monthly journal,https://nla.gov.au/nla.obj-1250541100,https://trove.nla.gov.au/work/18888734,nla.obj-1250541100,True,1,1,health-and-physical-culture-britons-monthly-journa-nla.obj-1250541100
"Listening post (Sydney, N.S.W.)",https://nla.gov.au/nla.obj-1447219380,https://trove.nla.gov.au/work/18928928,nla.obj-1447219380,True,138,138,listening-post-sydney-n-s-w-nla.obj-1447219380
A Careta,http://nla.gov.au/nla.obj-320275568,https://trove.nla.gov.au/work/18930041,nla.obj-320275568,True,2,2,a-careta-nla.obj-320275568
Australasian anthropological journal,http://nla.gov.au/nla.obj-551268338,https://trove.nla.gov.au/work/18951334,nla.obj-551268338,True,6,6,australasian-anthropological-journal-nla.obj-551268338
The Australian temperance magazine,http://nla.gov.au/nla.obj-752869974,https://trove.nla.gov.au/work/19004974,nla.obj-752869974,True,40,40,the-australian-temperance-magazine-nla.obj-752869974
Report of the New South Wales Auxiliary Bible Society,http://nla.gov.au/nla.obj-435388219,https://trove.nla.gov.au/work/19006152,nla.obj-435388219,False,1,1,report-of-the-new-south-wales-auxiliary-bible-soci-nla.obj-435388219
The Blossom,http://nla.gov.au/nla.obj-721994818,https://trove.nla.gov.au/work/19009550,nla.obj-721994818,True,1,1,the-blossom-nla.obj-721994818
The Rabaul record,http://nla.gov.au/nla.obj-11726468,https://trove.nla.gov.au/work/19050263,nla.obj-11726468,True,28,27,the-rabaul-record-nla.obj-11726468
States Grants (Advanced Education) Act 1969-70 : statement by Minister [for Education and Science] for approvals given ...under section 6 of the Act for Commonwealth grants in respect of library materials,https://nla.gov.au/nla.obj-1859253658,https://trove.nla.gov.au/work/19085528,nla.obj-1859253658,False,2,2,states-grants-advanced-education-act-1969-70-state-nla.obj-1859253658
"Report made to the ... yearly general meeting of the Van Diemen's Land Company : held at the Company's Office, in Broad Street",http://nla.gov.au/nla.obj-718682805,https://trove.nla.gov.au/work/19116862,nla.obj-718682805,True,9,9,report-made-to-the-yearly-general-meeting-of-the-v-nla.obj-718682805
The Antipodean,http://nla.gov.au/nla.obj-163753218,https://trove.nla.gov.au/work/19131735,nla.obj-163753218,False,1,1,the-antipodean-nla.obj-163753218
Bamaga High School magazine..,http://nla.gov.au/nla.obj-526661760,https://trove.nla.gov.au/work/19159051,nla.obj-526661760,True,2,2,bamaga-high-school-magazine-nla.obj-526661760
Bamaga State High School,https://nla.gov.au/nla.obj-1740320424,https://trove.nla.gov.au/work/19159055,nla.obj-1740320424,False,22,22,bamaga-state-high-school-nla.obj-1740320424
"The sugar journal and tropical cultivator : circulating in Queensland, New South Wales, Fiji, Mauritius and other tropical and subtropical countries",http://nla.gov.au/nla.obj-651791958,https://trove.nla.gov.au/work/19161844,nla.obj-651791958,True,11,11,the-sugar-journal-and-tropical-cultivator-circulat-nla.obj-651791958
Mezamashi chinbun,http://nla.gov.au/nla.obj-284223979,https://trove.nla.gov.au/work/191722755,nla.obj-284223979,True,14,14,mezamashi-chinbun-nla.obj-284223979
The Commonwealth jeweller & watchmaker,http://nla.gov.au/nla.obj-322639890,https://trove.nla.gov.au/work/19180696,nla.obj-322639890,True,1,1,the-commonwealth-jeweller-watchmaker-nla.obj-322639890
"Fisher's colonial magazine and journal of trade, commerce and banking",https://nla.gov.au/nla.obj-1401805969,https://trove.nla.gov.au/work/19229854,nla.obj-1401805969,True,19,19,fisher-s-colonial-magazine-and-journal-of-trade-co-nla.obj-1401805969
The Colonial and Asiatic review,https://nla.gov.au/nla.obj-1439698119,https://trove.nla.gov.au/work/19236804,nla.obj-1439698119,True,14,14,the-colonial-and-asiatic-review-nla.obj-1439698119
"Salon (Sydney, N.S.W.)",http://nla.gov.au/nla.obj-815046764,https://trove.nla.gov.au/work/19255755,nla.obj-815046764,True,46,46,salon-sydney-n-s-w-nla.obj-815046764
Wise's New South Wales post office directory,http://nla.gov.au/nla.obj-522689844,https://trove.nla.gov.au/work/19293579,nla.obj-522689844,True,39,39,wise-s-new-south-wales-post-office-directory-nla.obj-522689844
Warumpinya ngurrara kuulaku piipa : Papunya School paper,https://nla.gov.au/nla.obj-939552352,https://trove.nla.gov.au/work/19305818,nla.obj-939552352,True,8,8,warumpinya-ngurrara-kuulaku-piipa-papunya-school-p-nla.obj-939552352
Weldon's matrimonial gazette,http://nla.gov.au/nla.obj-744869630,https://trove.nla.gov.au/work/19323982,nla.obj-744869630,True,1,1,weldon-s-matrimonial-gazette-nla.obj-744869630
Report of the Council of the Australian Institute of Aboriginal and Torres Strait Islander Studies for the year ended 30 June ..,https://nla.gov.au/nla.obj-1554893804,https://trove.nla.gov.au/work/19754780,nla.obj-1554893804,False,9,9,report-of-the-council-of-the-australian-institute--nla.obj-1554893804
Gold-mining industry assistance act 1954-1965 ... annual statement,https://nla.gov.au/nla.obj-1285370385,https://trove.nla.gov.au/work/19817034,nla.obj-1285370385,False,9,9,gold-mining-industry-assistance-act-1954-1965-annu-nla.obj-1285370385
Magazine / Bamaga P-12 School,https://nla.gov.au/nla.obj-526662719,https://trove.nla.gov.au/work/200685665,nla.obj-526662719,False,6,6,magazine-bamaga-p-12-school-nla.obj-526662719
Report of the Council of the Australian Institute of Aboriginal Studies for the year ended 30 June ..,https://nla.gov.au/nla.obj-1065435315,https://trove.nla.gov.au/work/20347497,nla.obj-1065435315,True,17,17,report-of-the-council-of-the-australian-institute--nla.obj-1065435315
Report of the Australian Institute of Aboriginal Studies for the period ..,https://nla.gov.au/nla.obj-2744263363,https://trove.nla.gov.au/work/20347928,nla.obj-2744263363,False,2,2,report-of-the-australian-institute-of-aboriginal-s-nla.obj-2744263363
British Empire gazette,http://nla.gov.au/nla.obj-24401329,https://trove.nla.gov.au/work/20379173,nla.obj-24401329,True,1,1,british-empire-gazette-nla.obj-24401329
"Report of the Hobart Town Branch Society for Promoting Christian Knowledge, and for the Propagation of the Gospel",http://nla.gov.au/nla.obj-671768749,https://trove.nla.gov.au/work/20861151,nla.obj-671768749,True,1,1,report-of-the-hobart-town-branch-society-for-promo-nla.obj-671768749
"Catalogue of ethnological specimens, European and Eastern arms and armour, prehistoric and other curiosities : on sale by W.D. Webster, Oxford House Bicester, Oxon",http://nla.gov.au/nla.obj-324580054,https://trove.nla.gov.au/work/20870792,nla.obj-324580054,True,1,1,catalogue-of-ethnological-specimens-european-and-e-nla.obj-324580054
Dogs : the K.C.C. Kennel gazette : the official organ of the publisher the Kennel Control Council,http://nla.gov.au/nla.obj-760030643,https://trove.nla.gov.au/work/21035261,nla.obj-760030643,True,106,106,dogs-the-k-c-c-kennel-gazette-the-official-organ-o-nla.obj-760030643
"The Kia-ora coo-ee : official magazine of the Australian and New Zealand forces in Egypt, Palestine, Salonica & Mesopotamia",http://nla.gov.au/nla.obj-8327183,https://trove.nla.gov.au/work/21254747,nla.obj-8327183,True,10,10,the-kia-ora-coo-ee-official-magazine-of-the-austra-nla.obj-8327183
The Dominions Office and Colonial Office list for ..,http://nla.gov.au/nla.obj-831634240,https://trove.nla.gov.au/work/21280095,nla.obj-831634240,True,1,1,the-dominions-office-and-colonial-office-list-for-nla.obj-831634240
"The Torch and colonial book circular : including classified lists of new publications--English, American and colonial--in all departments of literature, science and art / edited by Edward Augustus Petherick",https://nla.gov.au/nla.obj-2256482624,https://trove.nla.gov.au/work/21280303,nla.obj-2256482624,False,18,18,the-torch-and-colonial-book-circular-including-cla-nla.obj-2256482624
Newcastle and Maitland Catholic Sentinel (Online),http://nla.gov.au/nla.obj-302666124,https://trove.nla.gov.au/work/212871489,nla.obj-302666124,True,416,415,newcastle-and-maitland-catholic-sentinel-online-nla.obj-302666124
Science of man and journal of the Royal Anthropological Society of Australasia,http://nla.gov.au/nla.obj-510937014,https://trove.nla.gov.au/work/21373531,nla.obj-510937014,True,149,149,science-of-man-and-journal-of-the-royal-anthropolo-nla.obj-510937014
Tegg's monthly magazine,http://nla.gov.au/nla.obj-598267619,https://trove.nla.gov.au/work/21508050,nla.obj-598267619,True,5,5,tegg-s-monthly-magazine-nla.obj-598267619
Report of the Western Australian Association,http://nla.gov.au/nla.obj-306670024,https://trove.nla.gov.au/work/21508825,nla.obj-306670024,True,1,1,report-of-the-western-australian-association-nla.obj-306670024
"Record (Bathurst, N.S.W. : Online)",https://nla.gov.au/nla.obj-353793576,https://trove.nla.gov.au/work/216020420,nla.obj-353793576,False,193,193,record-bathurst-n-s-w-online-nla.obj-353793576
"Bookfellow (Sydney, N.S.W. : 1899)",http://nla.gov.au/nla.obj-636005630,https://trove.nla.gov.au/work/21701137,nla.obj-636005630,True,5,5,bookfellow-sydney-n-s-w-1899-nla.obj-636005630
Report of Council / Canberra College of Advanced Education,https://nla.gov.au/nla.obj-837314291,https://trove.nla.gov.au/work/21703954,nla.obj-837314291,False,21,21,report-of-council-canberra-college-of-advanced-edu-nla.obj-837314291
The Cacolet : journal of the Australian Camel Field Ambulance,http://nla.gov.au/nla.obj-12753855,https://trove.nla.gov.au/work/21720274,nla.obj-12753855,True,2,2,the-cacolet-journal-of-the-australian-camel-field--nla.obj-12753855
Inside Indonesia : bulletin of the Indonesia Resources and Information Programme,http://nla.gov.au/nla.obj-88227234,https://trove.nla.gov.au/work/21723103,nla.obj-88227234,True,89,89,inside-indonesia-bulletin-of-the-indonesia-resourc-nla.obj-88227234
Royal Australian Air Force,http://nla.gov.au/nla.obj-6938759,https://trove.nla.gov.au/work/21772386,nla.obj-6938759,True,1,1,royal-australian-air-force-nla.obj-6938759
Brennessel : hinter Stacheldraht,https://nla.gov.au/nla.obj-2656505900,https://trove.nla.gov.au/work/21801234,nla.obj-2656505900,False,1,1,brennessel-hinter-stacheldraht-nla.obj-2656505900
Barjai : a meeting place for youth,http://nla.gov.au/nla.obj-319042505,https://trove.nla.gov.au/work/21807804,nla.obj-319042505,True,7,7,barjai-a-meeting-place-for-youth-nla.obj-319042505
Si-eda : annals of the men of Anzac,http://nla.gov.au/nla.obj-6834754,https://trove.nla.gov.au/work/21890445,nla.obj-6834754,True,2,2,si-eda-annals-of-the-men-of-anzac-nla.obj-6834754
"Revue australienne : journal des interets francais en Australie, Nouvelle Caledonie, Nouvelle Zelande, Fiji, Tahiti, Polynesie",http://nla.gov.au/nla.obj-475663872,https://trove.nla.gov.au/work/21899228,nla.obj-475663872,False,1,1,revue-australienne-journal-des-interets-francais-e-nla.obj-475663872
"The Clarence, New England, Macleay, and Gwydir almanac and gazeteer for the year ... : with a complete directory of all information in connection with the Northern Districts of New South Wales, as included in the electorates of The Clarence, New England, Hastings, Tenterfield, Gwydir, and Gold Fields North",http://nla.gov.au/nla.obj-401134767,https://trove.nla.gov.au/work/21999929,nla.obj-401134767,True,1,1,the-clarence-new-england-macleay-and-gwydir-almana-nla.obj-401134767
Journal of the Pioneers and Old Residents' Association,http://nla.gov.au/nla.obj-458085053,https://trove.nla.gov.au/work/22009236,nla.obj-458085053,False,12,12,journal-of-the-pioneers-and-old-residents-associat-nla.obj-458085053
Will Alma's magical magazine,http://nla.gov.au/nla.obj-30743426,https://trove.nla.gov.au/work/22044239,nla.obj-30743426,True,10,10,will-alma-s-magical-magazine-nla.obj-30743426
Report of the Senate Select Committee on Superannuation / Parliament of the Commonwealth of Australia,https://nla.gov.au/nla.obj-1333655593,https://trove.nla.gov.au/work/22095680,nla.obj-1333655593,False,28,28,report-of-the-senate-select-committee-on-superannu-nla.obj-1333655593
Kogarah school magazine,https://nla.gov.au/nla.obj-2387126210,https://trove.nla.gov.au/work/22221888,nla.obj-2387126210,False,6,1,kogarah-school-magazine-nla.obj-2387126210
Mimag / Mount Isa Mines Limited,http://nla.gov.au/nla.obj-302106893,https://trove.nla.gov.au/work/22248404,nla.obj-302106893,True,302,302,mimag-mount-isa-mines-limited-nla.obj-302106893
The Lone hand,http://nla.gov.au/nla.obj-358884931,https://trove.nla.gov.au/work/22260091,nla.obj-358884931,True,166,166,the-lone-hand-nla.obj-358884931
Angry Penguins broadsheet,http://nla.gov.au/nla.obj-320790312,https://trove.nla.gov.au/work/22285457,nla.obj-320790312,True,10,10,angry-penguins-broadsheet-nla.obj-320790312
Notice of annual meeting / Canberra Chamber of Commerce,https://nla.gov.au/nla.obj-2057769287,https://trove.nla.gov.au/work/22302828,nla.obj-2057769287,True,10,10,notice-of-annual-meeting-canberra-chamber-of-comme-nla.obj-2057769287
Australia and the bookfellow,http://nla.gov.au/nla.obj-768289925,https://trove.nla.gov.au/work/22318978,nla.obj-768289925,True,4,4,australia-and-the-bookfellow-nla.obj-768289925
"Australia (Sydney, N.S.W. : 1907)",http://nla.gov.au/nla.obj-768329137,https://trove.nla.gov.au/work/22319382,nla.obj-768329137,True,13,13,australia-sydney-n-s-w-1907-nla.obj-768329137
"Bookfellow (Sydney, N.S.W. : 1911)",http://nla.gov.au/nla.obj-768936943,https://trove.nla.gov.au/work/22319620,nla.obj-768936943,True,93,93,bookfellow-sydney-n-s-w-1911-nla.obj-768936943
Tonga church chronicle : koe niusepepa ke fakamatala ae Gaue ae Jiaji Faka-Igilani i Toga / ed. by Alfred Willis,http://nla.gov.au/nla.obj-290208880,https://trove.nla.gov.au/work/22330875,nla.obj-290208880,True,8,8,tonga-church-chronicle-koe-niusepepa-ke-fakamatala-nla.obj-290208880
The Australian journal of philately,http://nla.gov.au/nla.obj-638564222,https://trove.nla.gov.au/work/22341359,nla.obj-638564222,True,1,1,the-australian-journal-of-philately-nla.obj-638564222
Supplement to catalogue / Launceston Mechanics' Institute,http://nla.gov.au/nla.obj-415838474,https://trove.nla.gov.au/work/22384826,nla.obj-415838474,True,5,5,supplement-to-catalogue-launceston-mechanics-insti-nla.obj-415838474
"Laws, etc",http://nla.gov.au/nla.obj-25561358,https://trove.nla.gov.au/work/22395760,nla.obj-25561358,True,1,1,laws-etc-nla.obj-25561358
Macivor's farmers' year book : the Australasian agricultural annual,http://nla.gov.au/nla.obj-427445807,https://trove.nla.gov.au/work/22400856,nla.obj-427445807,True,1,1,macivor-s-farmers-year-book-the-australasian-agric-nla.obj-427445807
Grit : journal of R.A.A.F. Station Ascot Vale,https://nla.gov.au/nla.obj-2005769222,https://trove.nla.gov.au/work/22415128,nla.obj-2005769222,True,1,1,grit-journal-of-r-a-a-f-station-ascot-vale-nla.obj-2005769222
Honk (Ceramic (Troopship)),http://nla.gov.au/nla.obj-3590239,https://trove.nla.gov.au/work/22417632,nla.obj-3590239,True,9,9,honk-ceramic-troopship-nla.obj-3590239
"The Kookaburra : First Divisional Base Depot, Tel-el-Kebir",http://nla.gov.au/nla.obj-69071575,https://trove.nla.gov.au/work/22424144,nla.obj-69071575,True,1,1,the-kookaburra-first-divisional-base-depot-tel-el--nla.obj-69071575
The Log of the lunatic ship,http://nla.gov.au/nla.obj-262805405,https://trove.nla.gov.au/work/22424922,nla.obj-262805405,True,1,1,the-log-of-the-lunatic-ship-nla.obj-262805405
Make 'n' break : unofficial organ of the 57 Aust. Fd. Park Coy. R.A.E. and 329 Aust. L.A.D. A.E.M.E,http://nla.gov.au/nla.obj-324578575,https://trove.nla.gov.au/work/22426004,nla.obj-324578575,True,1,1,make-n-break-unofficial-organ-of-the-57-aust-fd-pa-nla.obj-324578575
Middlesex Yeomanry magazine,http://nla.gov.au/nla.obj-18408295,https://trove.nla.gov.au/work/22426536,nla.obj-18408295,True,5,5,middlesex-yeomanry-magazine-nla.obj-18408295
"The No. 5 : a magazine published by the patients and staff of No. 5 Australian General Hospital, St Kilda Road, Melbourne",http://nla.gov.au/nla.obj-62308374,https://trove.nla.gov.au/work/22455283,nla.obj-62308374,True,3,3,the-no-5-a-magazine-published-by-the-patients-and--nla.obj-62308374
Peninsula press,http://nla.gov.au/nla.obj-17911930,https://trove.nla.gov.au/work/22476390,nla.obj-17911930,True,1,1,peninsula-press-nla.obj-17911930
"The Pioneer observer : ""pro bono matlow""",http://nla.gov.au/nla.obj-7382927,https://trove.nla.gov.au/work/22476568,nla.obj-7382927,True,5,5,the-pioneer-observer-pro-bono-matlow-nla.obj-7382927
The red & white diamond,http://nla.gov.au/nla.obj-24489236,https://trove.nla.gov.au/work/22478322,nla.obj-24489236,True,5,5,the-red-white-diamond-nla.obj-24489236
Melbourne punch's almanack,http://nla.gov.au/nla.obj-471597893,https://trove.nla.gov.au/work/22484065,nla.obj-471597893,False,1,1,melbourne-punch-s-almanack-nla.obj-471597893
The Horsforth and district almanack for ..,http://nla.gov.au/nla.obj-427728952,https://trove.nla.gov.au/work/22488253,nla.obj-427728952,True,1,1,the-horsforth-and-district-almanack-for-nla.obj-427728952
Report of the ... annual meeting of the Maitland Benevolent Society ..,http://nla.gov.au/nla.obj-422862076,https://trove.nla.gov.au/work/22488512,nla.obj-422862076,True,16,16,report-of-the-annual-meeting-of-the-maitland-benev-nla.obj-422862076
The Stretcher : journal of the Camel Brigade Field Ambulance,http://nla.gov.au/nla.obj-12770203,https://trove.nla.gov.au/work/22502045,nla.obj-12770203,True,2,2,the-stretcher-journal-of-the-camel-brigade-field-a-nla.obj-12770203
Strewth : a journal devoted to truth and wisdom,http://nla.gov.au/nla.obj-6833160,https://trove.nla.gov.au/work/22502098,nla.obj-6833160,True,2,2,strewth-a-journal-devoted-to-truth-and-wisdom-nla.obj-6833160
Survey sentinal / 2/1 Aust. Army Topo. Survey Coy,http://nla.gov.au/nla.obj-324030122,https://trove.nla.gov.au/work/22510651,nla.obj-324030122,True,1,1,survey-sentinal-2-1-aust-army-topo-survey-coy-nla.obj-324030122
The Tassie times magazine / 40th Battn A.I.F,http://nla.gov.au/nla.obj-18371293,https://trove.nla.gov.au/work/22511805,nla.obj-18371293,True,1,1,the-tassie-times-magazine-40th-battn-a-i-f-nla.obj-18371293
The Twenty-Second's echo : random shots from the red and purple diamonds,http://nla.gov.au/nla.obj-6375240,https://trove.nla.gov.au/work/22534195,nla.obj-6375240,True,1,1,the-twenty-second-s-echo-random-shots-from-the-red-nla.obj-6375240
Trial Bay : Welt am Montag,http://nla.gov.au/nla.obj-36044208,https://trove.nla.gov.au/work/22555748,nla.obj-36044208,False,42,42,trial-bay-welt-am-montag-nla.obj-36044208
Ye olde brigade : a monthly paper devoted to the interests of the 1st Australian Infantry Regiment,http://nla.gov.au/nla.obj-320885832,https://trove.nla.gov.au/work/22749757,nla.obj-320885832,True,6,6,ye-olde-brigade-a-monthly-paper-devoted-to-the-int-nla.obj-320885832
Mernda magazine,http://nla.gov.au/nla.obj-38378641,https://trove.nla.gov.au/work/22979326,nla.obj-38378641,True,2,2,mernda-magazine-nla.obj-38378641
"Glass (Waterloo, N.S.W. : Online)",http://nla.gov.au/nla.obj-637034992,https://trove.nla.gov.au/work/230466590,nla.obj-637034992,False,20,20,glass-waterloo-n-s-w-online-nla.obj-637034992
Russia and us : official journal of the N.S.W. Aid Russia Committee,http://nla.gov.au/nla.obj-410989349,https://trove.nla.gov.au/work/23168897,nla.obj-410989349,False,1,1,russia-and-us-official-journal-of-the-n-s-w-aid-ru-nla.obj-410989349
Tjakulpa,https://nla.gov.au/nla.obj-939565059,https://trove.nla.gov.au/work/23280118,nla.obj-939565059,False,19,19,tjakulpa-nla.obj-939565059
Ironside's advertiser and Sydney price current (Online),http://nla.gov.au/nla.obj-731256985,https://trove.nla.gov.au/work/234174921,nla.obj-731256985,False,3,3,ironside-s-advertiser-and-sydney-price-current-onl-nla.obj-731256985
Dogs on the bench & in the field (Online),http://nla.gov.au/nla.obj-768747103,https://trove.nla.gov.au/work/234336654,nla.obj-768747103,False,6,6,dogs-on-the-bench-in-the-field-online-nla.obj-768747103
Magazine / Fawkner Subschool,http://nla.gov.au/nla.obj-355881248,https://trove.nla.gov.au/work/23458350,nla.obj-355881248,True,4,4,magazine-fawkner-subschool-nla.obj-355881248
The New South Wales Post Office directory,http://nla.gov.au/nla.obj-518308191,https://trove.nla.gov.au/work/23458620,nla.obj-518308191,True,15,15,the-new-south-wales-post-office-directory-nla.obj-518308191
Will o' the wisp (Online),http://nla.gov.au/nla.obj-767557705,https://trove.nla.gov.au/work/234590858,nla.obj-767557705,False,22,11,will-o-the-wisp-online-nla.obj-767557705
Australian literary journal (Online),http://nla.gov.au/nla.obj-767554994,https://trove.nla.gov.au/work/234644167,nla.obj-767554994,False,5,5,australian-literary-journal-online-nla.obj-767554994
Elector (Online),http://nla.gov.au/nla.obj-767555504,https://trove.nla.gov.au/work/234644168,nla.obj-767555504,False,1,1,elector-online-nla.obj-767555504
Penny Saturday journal (Online),http://nla.gov.au/nla.obj-767558399,https://trove.nla.gov.au/work/234677544,nla.obj-767558399,False,18,18,penny-saturday-journal-online-nla.obj-767558399
Australian penny journal (Online),http://nla.gov.au/nla.obj-767560014,https://trove.nla.gov.au/work/234959955,nla.obj-767560014,False,10,10,australian-penny-journal-online-nla.obj-767560014
"Sporting times (Sydney, N.S.W. : 1848 : Online)",http://nla.gov.au/nla.obj-767556888,https://trove.nla.gov.au/work/234959956,nla.obj-767556888,False,7,7,sporting-times-sydney-n-s-w-1848-online-nla.obj-767556888
"Weekly dispatch (Sydney, N.S.W. : Online)",http://nla.gov.au/nla.obj-880755940,https://trove.nla.gov.au/work/235223010,nla.obj-880755940,False,13,13,weekly-dispatch-sydney-n-s-w-online-nla.obj-880755940
Immigration Restriction Act 1901,https://nla.gov.au/nla.obj-2077407990,https://trove.nla.gov.au/work/235519316,nla.obj-2077407990,False,3,3,immigration-restriction-act-1901-nla.obj-2077407990
Memorandum by the Minister of State for Defence on the Estimates of the Defence Department for the Financial year ..,https://nla.gov.au/nla.obj-2009886133,https://trove.nla.gov.au/work/235519318,nla.obj-2009886133,False,9,9,memorandum-by-the-minister-of-state-for-defence-on-nla.obj-2009886133
Tjakulpa wilurarra ananguka : N.T. Western Desert schools newsletter,https://nla.gov.au/nla.obj-1311687880,https://trove.nla.gov.au/work/235647471,nla.obj-1311687880,True,1,1,tjakulpa-wilurarra-ananguka-n-t-western-desert-sch-nla.obj-1311687880
Papunya newspaper : Warumpiku tjakulpa kuwarritja,https://nla.gov.au/nla.obj-1311673985,https://trove.nla.gov.au/work/235647472,nla.obj-1311673985,True,6,6,papunya-newspaper-warumpiku-tjakulpa-kuwarritja-nla.obj-1311673985
Tjakulpa kuwarritja (Papunya School),https://nla.gov.au/nla.obj-1311682981,https://trove.nla.gov.au/work/235647473,nla.obj-1311682981,True,9,9,tjakulpa-kuwarritja-papunya-school-nla.obj-1311682981
"Printers' bulletin (Sydney, N.S.W.)",http://nla.gov.au/nla.obj-465415840,https://trove.nla.gov.au/work/23603637,nla.obj-465415840,False,1,1,printers-bulletin-sydney-n-s-w-nla.obj-465415840
"General catalogue of garden and farm seeds, plants, florists' flowers, fruit trees, bulbs &c. : containing also carefully compiled cultural directory and a year's work in the garden / J. & W. Gelding",https://nla.gov.au/nla.obj-1305537328,https://trove.nla.gov.au/work/23608840,nla.obj-1305537328,False,2,2,general-catalogue-of-garden-and-farm-seeds-plants--nla.obj-1305537328
Walch's Tasmanian sixpenny almanac for ..,http://nla.gov.au/nla.obj-742548141,https://trove.nla.gov.au/work/23770558,nla.obj-742548141,True,1,1,walch-s-tasmanian-sixpenny-almanac-for-nla.obj-742548141
Tegg's New South Wales pocket almanac and remembrancer (Online),http://nla.gov.au/nla.obj-754081281,https://trove.nla.gov.au/work/238033317,nla.obj-754081281,False,9,9,tegg-s-new-south-wales-pocket-almanac-and-remembra-nla.obj-754081281
Under lock & key,http://nla.gov.au/nla.obj-715301081,https://trove.nla.gov.au/work/23807285,nla.obj-715301081,True,1,1,under-lock-key-nla.obj-715301081
The deaf advocate : the official magazine of the New South Wales deaf,https://nla.gov.au/nla.obj-2590086507,https://trove.nla.gov.au/work/239052201,nla.obj-2590086507,False,16,16,the-deaf-advocate-the-official-magazine-of-the-new-nla.obj-2590086507
Old and new Sydney / by Edward Hordern and Sons,http://nla.gov.au/nla.obj-754014065,https://trove.nla.gov.au/work/23957602,nla.obj-754014065,True,6,6,old-and-new-sydney-by-edward-hordern-and-sons-nla.obj-754014065
Western Australian almanack (Arthur Shenton),http://nla.gov.au/nla.obj-756570119,https://trove.nla.gov.au/work/23968958,nla.obj-756570119,True,1,1,western-australian-almanack-arthur-shenton-nla.obj-756570119
Liberty (Victorian Democratic Rights Council),http://nla.gov.au/nla.obj-88851801,https://trove.nla.gov.au/work/24643290,nla.obj-88851801,True,2,2,liberty-victorian-democratic-rights-council-nla.obj-88851801
The Australian assistance plan : discussion paper / prepared by the Interim Committee of the Social Welfare Commission,https://nla.gov.au/nla.obj-1654481531,https://trove.nla.gov.au/work/25078702,nla.obj-1654481531,True,2,2,the-australian-assistance-plan-discussion-paper-pr-nla.obj-1654481531
"Gibbs, Shallard, & Co's New South Wales weather almanac",http://nla.gov.au/nla.obj-407497663,https://trove.nla.gov.au/work/25722607,nla.obj-407497663,True,3,3,gibbs-shallard-co-s-new-south-wales-weather-almana-nla.obj-407497663
Financial statements / Commonwealth Savings Bank of Australia [and] Commonwealth Development Bank of Australia,https://nla.gov.au/nla.obj-2490340103,https://trove.nla.gov.au/work/26585173,nla.obj-2490340103,False,1,1,financial-statements-commonwealth-savings-bank-of--nla.obj-2490340103
Camouflage : a paper printed out at sea to while an hour for you and me,http://nla.gov.au/nla.obj-4231786,https://trove.nla.gov.au/work/27003808,nla.obj-4231786,True,1,1,camouflage-a-paper-printed-out-at-sea-to-while-an--nla.obj-4231786
"The Karoolian : the unofficial log of no. 1, A.H.S. Karoola",http://nla.gov.au/nla.obj-6026792,https://trove.nla.gov.au/work/27009913,nla.obj-6026792,True,2,2,the-karoolian-the-unofficial-log-of-no-1-a-h-s-kar-nla.obj-6026792
La Vie Ormondaise,http://nla.gov.au/nla.obj-5745053,https://trove.nla.gov.au/work/27009965,nla.obj-5745053,True,1,1,la-vie-ormondaise-nla.obj-5745053
Port Lincoln bully-tin : the troopship's journal,http://nla.gov.au/nla.obj-17895366,https://trove.nla.gov.au/work/27011761,nla.obj-17895366,True,1,1,port-lincoln-bully-tin-the-troopship-s-journal-nla.obj-17895366
Shropshire tatler / supervised by the Y.M.C.A,http://nla.gov.au/nla.obj-17902884,https://trove.nla.gov.au/work/27012266,nla.obj-17902884,True,1,1,shropshire-tatler-supervised-by-the-y-m-c-a-nla.obj-17902884
The Southern cross gazette,http://nla.gov.au/nla.obj-12283902,https://trove.nla.gov.au/work/27012321,nla.obj-12283902,True,1,1,the-southern-cross-gazette-nla.obj-12283902
The Vestalian gazette,http://nla.gov.au/nla.obj-7640722,https://trove.nla.gov.au/work/27012354,nla.obj-7640722,True,1,1,the-vestalian-gazette-nla.obj-7640722
The Queensland Lutheran,http://nla.gov.au/nla.obj-447071835,https://trove.nla.gov.au/work/27206356,nla.obj-447071835,False,1,1,the-queensland-lutheran-nla.obj-447071835
"Famous detective stories (Sydney, N.S.W.)",https://nla.gov.au/nla.obj-71871950,https://trove.nla.gov.au/work/27591566,nla.obj-71871950,True,7,7,famous-detective-stories-sydney-n-s-w-nla.obj-71871950
"Triad (Sydney, N.S.W.)",https://nla.gov.au/nla.obj-875780662,https://trove.nla.gov.au/work/27592184,nla.obj-875780662,True,140,140,triad-sydney-n-s-w-nla.obj-875780662
Provisions for child migrant education : report by the Minister for Education / Commonwealth Dept. of Education,https://nla.gov.au/nla.obj-1666951259,https://trove.nla.gov.au/work/27600900,nla.obj-1666951259,True,1,1,provisions-for-child-migrant-education-report-by-t-nla.obj-1666951259
Snowy Baker's magazine,https://nla.gov.au/nla.obj-2616536384,https://trove.nla.gov.au/work/28812186,nla.obj-2616536384,False,2,2,snowy-baker-s-magazine-nla.obj-2616536384
Fiji Society of Science and Industry,http://nla.gov.au/nla.obj-128402636,https://trove.nla.gov.au/work/29807774,nla.obj-128402636,True,2,2,fiji-society-of-science-and-industry-nla.obj-128402636
M. & H. magazine,http://nla.gov.au/nla.obj-62417183,https://trove.nla.gov.au/work/29810240,nla.obj-62417183,True,9,9,m-h-magazine-nla.obj-62417183
Junior Red Cross record : official organ of the J.R.C. of N.S.W,http://nla.gov.au/nla.obj-69071687,https://trove.nla.gov.au/work/29883131,nla.obj-69071687,True,9,9,junior-red-cross-record-official-organ-of-the-j-r--nla.obj-69071687
Estimates of receipts and expenditure for the year ending ... / the Parliament of the Commonwealth of Australia,https://nla.gov.au/nla.obj-2325296191,https://trove.nla.gov.au/work/30911545,nla.obj-2325296191,False,52,52,estimates-of-receipts-and-expenditure-for-the-year-nla.obj-2325296191
"Highlander (Sydney, N.S.W.)",http://nla.gov.au/nla.obj-8125630,https://trove.nla.gov.au/work/31021867,nla.obj-8125630,True,32,32,highlander-sydney-n-s-w-nla.obj-8125630
War Service Homes : report of the Director of War Service Homes,https://nla.gov.au/nla.obj-306656902,https://trove.nla.gov.au/work/31024496,nla.obj-306656902,False,11,11,war-service-homes-report-of-the-director-of-war-se-nla.obj-306656902
Report to the Minister for Justice / Administrative Review Council,https://nla.gov.au/nla.obj-766856497,https://trove.nla.gov.au/work/31128581,nla.obj-766856497,False,5,5,report-to-the-minister-for-justice-administrative--nla.obj-766856497
"The Australasian naval & military annual : with which is incorporated 'The Call', the Journal of the Australian National Defence League, N.S.W. Division",http://nla.gov.au/nla.obj-19507012,https://trove.nla.gov.au/work/31528386,nla.obj-19507012,True,2,2,the-australasian-naval-military-annual-with-which--nla.obj-19507012
"Australian medical journal (Sydney, N.S.W : 1846 : Online)",http://nla.gov.au/nla.obj-732251946,https://trove.nla.gov.au/work/31626907,nla.obj-732251946,False,14,14,australian-medical-journal-sydney-n-s-w-1846-onlin-nla.obj-732251946
24th Battalion journal,http://nla.gov.au/nla.obj-24207812,https://trove.nla.gov.au/work/31636243,nla.obj-24207812,True,1,1,24th-battalion-journal-nla.obj-24207812
The 23rd : the voice of the battalion,http://nla.gov.au/nla.obj-10414986,https://trove.nla.gov.au/work/31637350,nla.obj-10414986,True,30,30,the-23rd-the-voice-of-the-battalion-nla.obj-10414986
The 7th F.A.B. yandoo,http://nla.gov.au/nla.obj-6142184,https://trove.nla.gov.au/work/31653830,nla.obj-6142184,True,22,22,the-7th-f-a-b-yandoo-nla.obj-6142184
14th Company magazine,http://nla.gov.au/nla.obj-15956697,https://trove.nla.gov.au/work/31653833,nla.obj-15956697,True,1,1,14th-company-magazine-nla.obj-15956697
"The Anzac records gazette / produced by the New Zealand and Australian sections of the 3rd Echelon, M.E.F",http://nla.gov.au/nla.obj-35702476,https://trove.nla.gov.au/work/31662194,nla.obj-35702476,True,4,4,the-anzac-records-gazette-produced-by-the-new-zeal-nla.obj-35702476
The Australian at Weymouth,http://nla.gov.au/nla.obj-7453214,https://trove.nla.gov.au/work/31662318,nla.obj-7453214,True,13,13,the-australian-at-weymouth-nla.obj-7453214
Australian art : a monthly magazine & journal,http://nla.gov.au/nla.obj-597211753,https://trove.nla.gov.au/work/31681755,nla.obj-597211753,True,3,3,australian-art-a-monthly-magazine-journal-nla.obj-597211753
The Brisbane : R.A.N,http://nla.gov.au/nla.obj-35727571,https://trove.nla.gov.au/work/31682704,nla.obj-35727571,True,4,4,the-brisbane-r-a-n-nla.obj-35727571
The Borda news,http://nla.gov.au/nla.obj-10770236,https://trove.nla.gov.au/work/31682846,nla.obj-10770236,True,1,1,the-borda-news-nla.obj-10770236
Chronicles of the N.Z.E.F,http://nla.gov.au/nla.obj-6839072,https://trove.nla.gov.au/work/31718239,nla.obj-6839072,True,20,20,chronicles-of-the-n-z-e-f-nla.obj-6839072
The Dinkum Australian,http://nla.gov.au/nla.obj-69783015,https://trove.nla.gov.au/work/31722408,nla.obj-69783015,True,2,2,the-dinkum-australian-nla.obj-69783015
The Digger on the deep,http://nla.gov.au/nla.obj-4407992,https://trove.nla.gov.au/work/31722841,nla.obj-4407992,True,1,1,the-digger-on-the-deep-nla.obj-4407992
"Digger (Le Havre, France)",http://nla.gov.au/nla.obj-7633895,https://trove.nla.gov.au/work/31722857,nla.obj-7633895,True,26,26,digger-le-havre-france-nla.obj-7633895
"Monster comic (Sydney, N.S.W.)",http://nla.gov.au/nla.obj-31915643,https://trove.nla.gov.au/work/31748536,nla.obj-31915643,True,1,1,monster-comic-sydney-n-s-w-nla.obj-31915643
"Our own news and monthly notes / Holy Trinity Church, Argyle Street",https://nla.gov.au/nla.obj-2004728454,https://trove.nla.gov.au/work/31842148,nla.obj-2004728454,False,12,12,our-own-news-and-monthly-notes-holy-trinity-church-nla.obj-2004728454
Life's continuing study of magazine audiences,http://nla.gov.au/nla.obj-25542067,https://trove.nla.gov.au/work/32241150,nla.obj-25542067,True,2,2,life-s-continuing-study-of-magazine-audiences-nla.obj-25542067
"Ladder (Victoria Park, W.A.)",https://nla.gov.au/nla.obj-2164526263,https://trove.nla.gov.au/work/32619730,nla.obj-2164526263,False,10,10,ladder-victoria-park-w-a-nla.obj-2164526263
R.S.A. magazine,http://nla.gov.au/nla.obj-8173282,https://trove.nla.gov.au/work/32639191,nla.obj-8173282,True,18,18,r-s-a-magazine-nla.obj-8173282
Flying in New South Wales : the official organ of the Royal Aero Club of New South Wales,http://nla.gov.au/nla.obj-320844374,https://trove.nla.gov.au/work/32661604,nla.obj-320844374,True,5,5,flying-in-new-south-wales-the-official-organ-of-th-nla.obj-320844374
"Catalogue of fruit and ornamental trees,  roses, vegetable and flower seeds and everything for the garden, orachard and farm / Goulburn Seed & Nursery Co",https://nla.gov.au/nla.obj-2137024883,https://trove.nla.gov.au/work/32687160,nla.obj-2137024883,True,1,1,catalogue-of-fruit-and-ornamental-trees-roses-vege-nla.obj-2137024883
Star of England times,http://nla.gov.au/nla.obj-62681782,https://trove.nla.gov.au/work/32736474,nla.obj-62681782,True,2,2,star-of-england-times-nla.obj-62681782
New Guinea tidings,http://nla.gov.au/nla.obj-287422133,https://trove.nla.gov.au/work/32748193,nla.obj-287422133,True,22,22,new-guinea-tidings-nla.obj-287422133
Kwato Mission tidings,http://nla.gov.au/nla.obj-287612280,https://trove.nla.gov.au/work/32748203,nla.obj-287612280,True,14,13,kwato-mission-tidings-nla.obj-287612280
Harina,http://nla.gov.au/nla.obj-185175328,https://trove.nla.gov.au/work/32748209,nla.obj-185175328,True,28,28,harina-nla.obj-185175328
Year book of the Evangelical Lutheran Mission in New Guinea,http://nla.gov.au/nla.obj-287237927,https://trove.nla.gov.au/work/32748353,nla.obj-287237927,True,1,1,year-book-of-the-evangelical-lutheran-mission-in-n-nla.obj-287237927
Report for ... to the members of the Rationalist Association of New South Wales and the Rationalist Press Association Limited of London in New South Wales,http://nla.gov.au/nla.obj-18208107,https://trove.nla.gov.au/work/32773235,nla.obj-18208107,True,2,2,report-for-to-the-members-of-the-rationalist-assoc-nla.obj-18208107
Featherston Camp weekly,http://nla.gov.au/nla.obj-7304969,https://trove.nla.gov.au/work/32773355,nla.obj-7304969,True,6,6,featherston-camp-weekly-nla.obj-7304969
Red Triangle papers,http://nla.gov.au/nla.obj-359543401,https://trove.nla.gov.au/work/32773392,nla.obj-359543401,True,1,1,red-triangle-papers-nla.obj-359543401
The Second Eighth,http://nla.gov.au/nla.obj-291866941,https://trove.nla.gov.au/work/32773398,nla.obj-291866941,True,1,1,the-second-eighth-nla.obj-291866941
Gazette (3rd London General Hospital),http://nla.gov.au/nla.obj-10482247,https://trove.nla.gov.au/work/32822762,nla.obj-10482247,True,39,39,gazette-3rd-london-general-hospital-nla.obj-10482247
The Fourth : the magazine of the 4th London General Hospital,http://nla.gov.au/nla.obj-19669436,https://trove.nla.gov.au/work/32822823,nla.obj-19669436,True,1,1,the-fourth-the-magazine-of-the-4th-london-general--nla.obj-19669436
Chronicles of Cliveden,http://nla.gov.au/nla.obj-134973090,https://trove.nla.gov.au/work/32822857,nla.obj-134973090,True,1,1,chronicles-of-cliveden-nla.obj-134973090
Second Southern magazine,http://nla.gov.au/nla.obj-6860945,https://trove.nla.gov.au/work/32822902,nla.obj-6860945,True,1,1,second-southern-magazine-nla.obj-6860945
The Freiburg review,http://nla.gov.au/nla.obj-28225383,https://trove.nla.gov.au/work/32853956,nla.obj-28225383,True,3,3,the-freiburg-review-nla.obj-28225383
Letter from Bishop Willis and report for... of the Anglican Church in Tonga,http://nla.gov.au/nla.obj-291423533,https://trove.nla.gov.au/work/33131672,nla.obj-291423533,True,11,11,letter-from-bishop-willis-and-report-for-of-the-an-nla.obj-291423533
Ceylon almanac and compendium of useful information,http://nla.gov.au/nla.obj-24677189,https://trove.nla.gov.au/work/33237622,nla.obj-24677189,True,1,1,ceylon-almanac-and-compendium-of-useful-informatio-nla.obj-24677189
Report of the Australasian White Cross League,http://nla.gov.au/nla.obj-359549693,https://trove.nla.gov.au/work/33265608,nla.obj-359549693,True,1,1,report-of-the-australasian-white-cross-league-nla.obj-359549693
The pitch & toss,http://nla.gov.au/nla.obj-9149219,https://trove.nla.gov.au/work/33293119,nla.obj-9149219,True,3,3,the-pitch-toss-nla.obj-9149219
Photographic review of reviews,http://nla.gov.au/nla.obj-389050007,https://trove.nla.gov.au/work/33565755,nla.obj-389050007,True,12,12,photographic-review-of-reviews-nla.obj-389050007
The Australian woman's mirror,http://nla.gov.au/nla.obj-389050376,https://trove.nla.gov.au/work/33657268,nla.obj-389050376,True,1561,1561,the-australian-woman-s-mirror-nla.obj-389050376
[Magazine] / Northern Peninsula Area State College,http://nla.gov.au/nla.obj-526663409,https://trove.nla.gov.au/work/33692775,nla.obj-526663409,True,4,4,magazine-northern-peninsula-area-state-college-nla.obj-526663409
Wederopbouw,https://nla.gov.au/nla.obj-1755504970,https://trove.nla.gov.au/work/34162600,nla.obj-1755504970,True,1,1,wederopbouw-nla.obj-1755504970
Boyle & Scott's Australian cricketers' guide,http://nla.gov.au/nla.obj-648037227,https://trove.nla.gov.au/work/34647242,nla.obj-648037227,True,1,1,boyle-scott-s-australian-cricketers-guide-nla.obj-648037227
Airline activities of Ansett Transport Industries Limited / Ansett Transport Industries Limited,https://nla.gov.au/nla.obj-1036685302,https://trove.nla.gov.au/work/34691176,nla.obj-1036685302,True,1,1,airline-activities-of-ansett-transport-industries--nla.obj-1036685302
Annual financial report : to the minister of transport relating to the operation of air services in pursuance of Clause 11 of the 1972 airlines agreement / Ansett Transport Industries Limited,https://nla.gov.au/nla.obj-744555880,https://trove.nla.gov.au/work/34691177,nla.obj-744555880,False,8,8,annual-financial-report-to-the-minister-of-transpo-nla.obj-744555880
"Mountain mists : a monthly magazine / published by the convalescent soldiers of Bodington, N.S.W",http://nla.gov.au/nla.obj-14556908,https://trove.nla.gov.au/work/34707857,nla.obj-14556908,True,21,21,mountain-mists-a-monthly-magazine-published-by-the-nla.obj-14556908
Proceedings of the half-yearly meeting of the Synod of Eastern Australia,http://nla.gov.au/nla.obj-688490972,https://trove.nla.gov.au/work/34877052,nla.obj-688490972,True,1,1,proceedings-of-the-half-yearly-meeting-of-the-syno-nla.obj-688490972
Proceedings of the annual meeting of the Synod of Eastern Australia,http://nla.gov.au/nla.obj-688486592,https://trove.nla.gov.au/work/34877101,nla.obj-688486592,True,1,1,proceedings-of-the-annual-meeting-of-the-synod-of--nla.obj-688486592
"Repatriation (Melbourne, Vic.)",http://nla.gov.au/nla.obj-7251480,https://trove.nla.gov.au/work/34912747,nla.obj-7251480,True,22,22,repatriation-melbourne-vic-nla.obj-7251480
"Report of the ... annual meeting of the Church Society of the Diocese of Goulburn together with the report of the Committee, their financial account, a list of subscribers etc",http://nla.gov.au/nla.obj-401134591,https://trove.nla.gov.au/work/34933128,nla.obj-401134591,True,1,1,report-of-the-annual-meeting-of-the-church-society-nla.obj-401134591
The Magical news,http://nla.gov.au/nla.obj-277034984,https://trove.nla.gov.au/work/35083877,nla.obj-277034984,True,2,2,the-magical-news-nla.obj-277034984
"Wool (deficiency payments) act, 1971 : report / Department of Primary Industry, Australia",https://nla.gov.au/nla.obj-1318997637,https://trove.nla.gov.au/work/35107941,nla.obj-1318997637,True,2,2,wool-deficiency-payments-act-1971-report-departmen-nla.obj-1318997637
"Free churchman (Maitland, N.S.W.)",https://nla.gov.au/nla.obj-2685337140,https://trove.nla.gov.au/work/35313821,nla.obj-2685337140,False,37,37,free-churchman-maitland-n-s-w-nla.obj-2685337140
"Report upon the operations of the sub-departments of Aboriginals, Prisons, Government Relief, Diamantina Hospital for Chronic Diseases (South Brisbane), Jubilee Sanatorium for Consumptives (Dalby), Dunwich Benevolent Asylum, and Institution for Inebriates",http://nla.gov.au/nla.obj-54033070,https://trove.nla.gov.au/work/5487640,nla.obj-54033070,True,10,10,report-upon-the-operations-of-the-sub-departments--nla.obj-54033070
"Cosmos (Sydney, N.S.W.)",http://nla.gov.au/nla.obj-448459342,https://trove.nla.gov.au/work/5525160,nla.obj-448459342,False,1,1,cosmos-sydney-n-s-w-nla.obj-448459342
"Month (Sydney, N.S.W.)",http://nla.gov.au/nla.obj-597762006,https://trove.nla.gov.au/work/5525268,nla.obj-597762006,True,3,3,month-sydney-n-s-w-nla.obj-597762006
The South-Asian register,http://nla.gov.au/nla.obj-597769314,https://trove.nla.gov.au/work/5525462,nla.obj-597769314,True,4,4,the-south-asian-register-nla.obj-597769314
Mackay's Australian almanac for ..,http://nla.gov.au/nla.obj-448176790,https://trove.nla.gov.au/work/5527002,nla.obj-448176790,True,2,2,mackay-s-australian-almanac-for-nla.obj-448176790
Tegg's New South Wales pocket almanac and remembrancer,http://nla.gov.au/nla.obj-754081281,https://trove.nla.gov.au/work/5527029,nla.obj-754081281,True,9,9,tegg-s-new-south-wales-pocket-almanac-and-remembra-nla.obj-754081281
Williams's Melbourne almanac,http://nla.gov.au/nla.obj-759848737,https://trove.nla.gov.au/work/5527078,nla.obj-759848737,True,1,1,williams-s-melbourne-almanac-nla.obj-759848737
Jahrbuch uber die Evangelisch-Lutherische Mission in Neuguinea,http://nla.gov.au/nla.obj-291668456,https://trove.nla.gov.au/work/5527823,nla.obj-291668456,True,1,1,jahrbuch-uber-die-evangelisch-lutherische-mission--nla.obj-291668456
War chest review,http://nla.gov.au/nla.obj-87088532,https://trove.nla.gov.au/work/5529042,nla.obj-87088532,True,12,12,war-chest-review-nla.obj-87088532
Murray's Austral-Asiatic review,http://nla.gov.au/nla.obj-358892258,https://trove.nla.gov.au/work/5531241,nla.obj-358892258,True,5,5,murray-s-austral-asiatic-review-nla.obj-358892258
The Austral chronicle : a bi-weekly journal,http://nla.gov.au/nla.obj-184529667,https://trove.nla.gov.au/work/5532444,nla.obj-184529667,True,8,8,the-austral-chronicle-a-bi-weekly-journal-nla.obj-184529667
Palestine : economic and commercial conditions in Palestine,http://nla.gov.au/nla.obj-651793918,https://trove.nla.gov.au/work/5535074,nla.obj-651793918,True,1,1,palestine-economic-and-commercial-conditions-in-pa-nla.obj-651793918
Official strike bulletin,https://nla.gov.au/nla.obj-2397863197,https://trove.nla.gov.au/work/5536156,nla.obj-2397863197,True,54,54,official-strike-bulletin-nla.obj-2397863197
The Repeal : official organ of the Passive Resisters' Union,http://nla.gov.au/nla.obj-8419088,https://trove.nla.gov.au/work/5540763,nla.obj-8419088,True,5,5,the-repeal-official-organ-of-the-passive-resisters-nla.obj-8419088
Official records of debates,http://nla.gov.au/nla.obj-2841618,https://trove.nla.gov.au/work/5542881,nla.obj-2841618,True,8,8,official-records-of-debates-nla.obj-2841618
Manual of public examinations,http://nla.gov.au/nla.obj-719534812,https://trove.nla.gov.au/work/5546627,nla.obj-719534812,True,1,1,manual-of-public-examinations-nla.obj-719534812
The Clayfield collegian,https://nla.gov.au/nla.obj-969908133,https://trove.nla.gov.au/work/5547186,nla.obj-969908133,True,15,15,the-clayfield-collegian-nla.obj-969908133
Portal,https://nla.gov.au/nla.obj-969917508,https://trove.nla.gov.au/work/5547371,nla.obj-969917508,True,23,23,portal-nla.obj-969917508
ABC weekly / Australian Broadcasting Commission,https://nla.gov.au/nla.obj-890736639,https://trove.nla.gov.au/work/5550102,nla.obj-890736639,True,1033,1033,abc-weekly-australian-broadcasting-commission-nla.obj-890736639
Everyones,http://nla.gov.au/nla.obj-522690001,https://trove.nla.gov.au/work/5550156,nla.obj-522690001,True,916,916,everyones-nla.obj-522690001
"Journalist (Sydney, N.S.W.)",https://nla.gov.au/nla.obj-2055051665,https://trove.nla.gov.au/work/5550578,nla.obj-2055051665,False,57,57,journalist-sydney-n-s-w-nla.obj-2055051665
Frank Clune's adventure magazine,http://nla.gov.au/nla.obj-324490547,https://trove.nla.gov.au/work/5551773,nla.obj-324490547,True,1,1,frank-clune-s-adventure-magazine-nla.obj-324490547
The New Triad,http://nla.gov.au/nla.obj-788254980,https://trove.nla.gov.au/work/5552221,nla.obj-788254980,True,12,12,the-new-triad-nla.obj-788254980
"The New South Wales magazine, or, Journal of general politics, literature, science, and the arts",https://nla.gov.au/nla.obj-1389135662,https://trove.nla.gov.au/work/5553137,nla.obj-1389135662,True,11,11,the-new-south-wales-magazine-or-journal-of-general-nla.obj-1389135662
The South Australian magazine,https://nla.gov.au/nla.obj-1403577777,https://trove.nla.gov.au/work/5553149,nla.obj-1403577777,True,17,17,the-south-australian-magazine-nla.obj-1403577777
"""Coo-ee!"" (Bishops Knoll Hospital (Bristol, England))",http://nla.gov.au/nla.obj-8423556,https://trove.nla.gov.au/work/5558692,nla.obj-8423556,True,13,13,coo-ee-bishops-knoll-hospital-bristol-england-nla.obj-8423556
The Australian bee bulletin,https://nla.gov.au/nla.obj-2237504477,https://trove.nla.gov.au/work/5566337,nla.obj-2237504477,False,1,1,the-australian-bee-bulletin-nla.obj-2237504477
Building and engineering,http://nla.gov.au/nla.obj-319042287,https://trove.nla.gov.au/work/5568514,nla.obj-319042287,True,113,113,building-and-engineering-nla.obj-319042287
The first post,http://nla.gov.au/nla.obj-7907113,https://trove.nla.gov.au/work/5571854,nla.obj-7907113,True,1,1,the-first-post-nla.obj-7907113
The United Aborigines messenger,http://nla.gov.au/nla.obj-531348827,https://trove.nla.gov.au/work/5694018,nla.obj-531348827,True,299,299,the-united-aborigines-messenger-nla.obj-531348827
"Report / Trench Comforts Fund of the League of Loyal Women, South Australian Division, Australian Comforts Fund",http://nla.gov.au/nla.obj-359545877,https://trove.nla.gov.au/work/5884906,nla.obj-359545877,True,1,1,report-trench-comforts-fund-of-the-league-of-loyal-nla.obj-359545877
"Universal service (Sydney, N.S.W.)",http://nla.gov.au/nla.obj-282427596,https://trove.nla.gov.au/work/6118560,nla.obj-282427596,True,14,13,universal-service-sydney-n-s-w-nla.obj-282427596
"Rugby League news (Sydney, N.S.W.)",http://nla.gov.au/nla.obj-598579045,https://trove.nla.gov.au/work/6193573,nla.obj-598579045,True,1568,1568,rugby-league-news-sydney-n-s-w-nla.obj-598579045
"The Tasmanian journal of natural science, agriculture, statistics, etc",https://nla.gov.au/nla.obj-1398693046,https://trove.nla.gov.au/work/6212677,nla.obj-1398693046,True,22,22,the-tasmanian-journal-of-natural-science-agricultu-nla.obj-1398693046
Der Kamp Spiegel,http://nla.gov.au/nla.obj-13873665,https://trove.nla.gov.au/work/6219019,nla.obj-13873665,True,103,103,der-kamp-spiegel-nla.obj-13873665
Kampspiegel Monatshefte : illustrierte zeitschrift fur die Kriegsgefangenen in Australien,http://nla.gov.au/nla.obj-25844222,https://trove.nla.gov.au/work/6219224,nla.obj-25844222,True,9,9,kampspiegel-monatshefte-illustrierte-zeitschrift-f-nla.obj-25844222
Van Diemen's Land temperance herald : for domestic and foreign intelligence,https://nla.gov.au/nla.obj-1395873624,https://trove.nla.gov.au/work/6334169,nla.obj-1395873624,True,26,26,van-diemen-s-land-temperance-herald-for-domestic-a-nla.obj-1395873624
The true Catholic ; or Tasmanian evangelical miscellany,https://nla.gov.au/nla.obj-1395584280,https://trove.nla.gov.au/work/6335780,nla.obj-1395584280,True,6,6,the-true-catholic-or-tasmanian-evangelical-miscell-nla.obj-1395584280
Il Mentore Cristiano per la gioventu,http://nla.gov.au/nla.obj-60916156,https://trove.nla.gov.au/work/6359937,nla.obj-60916156,True,3,3,il-mentore-cristiano-per-la-gioventu-nla.obj-60916156
"Grand Anzac military tattoo, navy, army and air force : official programme",http://nla.gov.au/nla.obj-7916702,https://trove.nla.gov.au/work/6361173,nla.obj-7916702,True,2,2,grand-anzac-military-tattoo-navy-army-and-air-forc-nla.obj-7916702
South Australian Odd Fellows' magazine,https://nla.gov.au/nla.obj-2343729237,https://trove.nla.gov.au/work/6388747,nla.obj-2343729237,False,1,1,south-australian-odd-fellows-magazine-nla.obj-2343729237
"Liberty (Sydney, N.S.W.)",http://nla.gov.au/nla.obj-760289107,https://trove.nla.gov.au/work/6399562,nla.obj-760289107,True,21,21,liberty-sydney-n-s-w-nla.obj-760289107
Fisher's colonial magazine and commercial maritime journal,https://nla.gov.au/nla.obj-1401805785,https://trove.nla.gov.au/work/6401195,nla.obj-1401805785,True,21,21,fisher-s-colonial-magazine-and-commercial-maritime-nla.obj-1401805785
Arden's Sydney magazine of politics and general literature / edited by George Arden,https://nla.gov.au/nla.obj-1389641038,https://trove.nla.gov.au/work/6401983,nla.obj-1389641038,True,2,2,arden-s-sydney-magazine-of-politics-and-general-li-nla.obj-1389641038
"Odd fellows' magazine (Adelaide, S. Aust.)",https://nla.gov.au/nla.obj-2343729079,https://trove.nla.gov.au/work/6476266,nla.obj-2343729079,False,9,9,odd-fellows-magazine-adelaide-s-aust-nla.obj-2343729079
Journal and proceedings (Royal Australian Historical Society),http://nla.gov.au/nla.obj-579216301,https://trove.nla.gov.au/work/6501873,nla.obj-579216301,True,295,294,journal-and-proceedings-royal-australian-historica-nla.obj-579216301
The Colonial magazine and East India review,https://nla.gov.au/nla.obj-1424886159,https://trove.nla.gov.au/work/6511508,nla.obj-1424886159,True,45,45,the-colonial-magazine-and-east-india-review-nla.obj-1424886159
The Australian and New Zealand monthly magazine,https://nla.gov.au/nla.obj-1395204908,https://trove.nla.gov.au/work/6556926,nla.obj-1395204908,True,6,6,the-australian-and-new-zealand-monthly-magazine-nla.obj-1395204908
The Ad-Club-mag,http://nla.gov.au/nla.obj-25526819,https://trove.nla.gov.au/work/6609844,nla.obj-25526819,True,3,3,the-ad-club-mag-nla.obj-25526819
Report for the period ... / Army and Air Force Canteen Service. Board of Management,https://nla.gov.au/nla.obj-1602490036,https://trove.nla.gov.au/work/6619874,nla.obj-1602490036,True,3,3,report-for-the-period-army-and-air-force-canteen-s-nla.obj-1602490036
Australian Academy of Art ... exhibition ... catalogue,http://nla.gov.au/nla.obj-321167803,https://trove.nla.gov.au/work/6620016,nla.obj-321167803,True,2,2,australian-academy-of-art-exhibition-catalogue-nla.obj-321167803
The Colonial magazine and commercial-maritime journal / edited by Robert Montgomery Martin,https://nla.gov.au/nla.obj-1401364379,https://trove.nla.gov.au/work/6659069,nla.obj-1401364379,True,41,41,the-colonial-magazine-and-commercial-maritime-jour-nla.obj-1401364379
Talaiqu : a ga na pepe ai ra Qunantuna,http://nla.gov.au/nla.obj-149549988,https://trove.nla.gov.au/work/6689076,nla.obj-149549988,True,1,1,talaiqu-a-ga-na-pepe-ai-ra-qunantuna-nla.obj-149549988
The Kilburn Speedway star,https://nla.gov.au/nla.obj-850092853,https://trove.nla.gov.au/work/6858561,nla.obj-850092853,False,19,19,the-kilburn-speedway-star-nla.obj-850092853
Uniken,http://nla.gov.au/nla.obj-211194649,https://trove.nla.gov.au/work/6871784,nla.obj-211194649,True,522,522,uniken-nla.obj-211194649
"International directory (Adelaide, S.A.)",http://nla.gov.au/nla.obj-851660905,https://trove.nla.gov.au/work/6878019,nla.obj-851660905,True,1,1,international-directory-adelaide-s-a-nla.obj-851660905
Hula times,http://nla.gov.au/nla.obj-638580284,https://trove.nla.gov.au/work/6919377,nla.obj-638580284,True,3,3,hula-times-nla.obj-638580284
All abaht it / ...th Field Ambulance,http://nla.gov.au/nla.obj-28117694,https://trove.nla.gov.au/work/6974408,nla.obj-28117694,True,2,2,all-abaht-it-th-field-ambulance-nla.obj-28117694
International Labour Conference ... session ... : Australian Delegation report,https://nla.gov.au/nla.obj-1717950149,https://trove.nla.gov.au/work/7121730,nla.obj-1717950149,False,14,14,international-labour-conference-session-australian-nla.obj-1717950149
Horticultural magazine and garden guide,https://nla.gov.au/nla.obj-1305553439,https://trove.nla.gov.au/work/7158579,nla.obj-1305553439,True,24,24,horticultural-magazine-and-garden-guide-nla.obj-1305553439
The kia ora coo-ee news,http://nla.gov.au/nla.obj-8384876,https://trove.nla.gov.au/work/7552590,nla.obj-8384876,True,18,18,the-kia-ora-coo-ee-news-nla.obj-8384876
Report / Interim Council for a National Film and Television Training School,https://nla.gov.au/nla.obj-1719339552,https://trove.nla.gov.au/work/7577916,nla.obj-1719339552,True,2,2,report-interim-council-for-a-national-film-and-tel-nla.obj-1719339552
The Masseydonian stretcher : the official monthly journal of the No. 1 New Zealand Stationary Hospital,http://nla.gov.au/nla.obj-6475297,https://trove.nla.gov.au/work/7585479,nla.obj-6475297,True,1,1,the-masseydonian-stretcher-the-official-monthly-jo-nla.obj-6475297
"Guardian (Holsworthy, N.S.W.)",http://nla.gov.au/nla.obj-11685264,https://trove.nla.gov.au/work/7588216,nla.obj-11685264,True,5,5,guardian-holsworthy-n-s-w-nla.obj-11685264
Transactions / Plastics Institute of Australia,http://nla.gov.au/nla.obj-321170096,https://trove.nla.gov.au/work/8160163,nla.obj-321170096,True,2,2,transactions-plastics-institute-of-australia-nla.obj-321170096
Research report / Australian National University,https://nla.gov.au/nla.obj-1018350073,https://trove.nla.gov.au/work/8712197,nla.obj-1018350073,True,2,2,research-report-australian-national-university-nla.obj-1018350073
Anniversary air pageant : official programme / Royal Aero Club of N.S.W,http://nla.gov.au/nla.obj-359567420,https://trove.nla.gov.au/work/9041816,nla.obj-359567420,True,1,1,anniversary-air-pageant-official-programme-royal-a-nla.obj-359567420
"Blue & white : being the annual record of St. Patrick's College, Wellington, N.Z. for the year ending ... ..",http://nla.gov.au/nla.obj-28557840,https://trove.nla.gov.au/work/9236189,nla.obj-28557840,True,1,1,blue-white-being-the-annual-record-of-st-patrick-s-nla.obj-28557840
